Titles,Mean Age
Mr. ,32.332089552238806
Mrs. ,35.898148148148145
Miss.,21.773972602739725
Master.,4.574166666666667
Dr.,39.44444444444444
